{
  "timestamp": "2026-01-30T15:23:14.581631",
  "results": {
    "haversine_distance": {
      "values": [
        0.0406822730001295,
        0.04038762799973483,
        0.046691540999745484
      ],
      "mean": 0.04258714733320327,
      "median": 0.0406822730001295,
      "stdev": 0.0035575608844443216,
      "min": 0.04038762799973483,
      "max": 0.046691540999745484
    },
    "customer_session_state": {
      "values": [
        0.03259218799939845,
        0.024402282997471048,
        0.020904616998450365
      ],
      "mean": 0.02596636266510662,
      "median": 0.024402282997471048,
      "stdev": 0.0059987155192244195,
      "min": 0.020904616998450365,
      "max": 0.03259218799939845
    },
    "ride_generation": {
      "values": [
        0.0911592290030967,
        0.08743255599983968,
        0.08582362600282067
      ],
      "mean": 0.08813847033525235,
      "median": 0.08743255599983968,
      "stdev": 0.0027369510647515167,
      "min": 0.08582362600282067,
      "max": 0.0911592290030967
    },
    "csv_export_optimized": {
      "values": [
        0.13191398800336174,
        0.08892844799993327,
        0.09113516700017499
      ],
      "mean": 0.10399253433449,
      "median": 0.09113516700017499,
      "stdev": 0.02420584812444547,
      "min": 0.08892844799993327,
      "max": 0.13191398800336174
    },
    "arrow_ipc_export": {
      "values": [
        0.03308614599882276,
        0.013656598999659764,
        0.012435998000000836
      ],
      "mean": 0.019726247666161118,
      "median": 0.013656598999659764,
      "stdev": 0.011586096378607573,
      "min": 0.012435998000000836,
      "max": 0.03308614599882276
    }
  }
}