{
  "meta": {
    "events": 100000,
    "customers": 1000,
    "batch_size": 200,
    "python": "3.12.3",
    "cpu_cores": 18
  },
  "transactions": {
    "baseline": {
      "evt_per_sec": 36430.90238815312,
      "elapsed": 2.744922399520874
    },
    "1_workers": {
      "evt_per_sec": 19975.219949616945,
      "elapsed": 5.006202697753906,
      "speedup": 0.5483042867505978,
      "startup": 0.021471738815307617,
      "shutdown": 3.0391368865966797
    },
    "2_workers": {
      "evt_per_sec": 21633.87348763415,
      "elapsed": 4.62238073348999,
      "speedup": 0.5938330392460776,
      "startup": 0.03391313552856445,
      "shutdown": 0.7812182903289795
    },
    "4_workers": {
      "evt_per_sec": 35423.563407932226,
      "elapsed": 2.822979688644409,
      "speedup": 0.9723493266928116,
      "startup": 0.05652046203613281,
      "shutdown": 0.6411736011505127
    },
    "8_workers": {
      "evt_per_sec": 123291.06251614881,
      "elapsed": 0.8110888004302979,
      "speedup": 3.384243991613053,
      "startup": 0.0013659000396728516,
      "shutdown": 0.49215149879455566
    },
    "16_workers": {
      "evt_per_sec": 196674.50056550372,
      "elapsed": 0.5084543228149414,
      "speedup": 5.39856242016832,
      "startup": 0.0012772083282470703,
      "shutdown": 1.1632726192474365
    }
  },
  "rides": {
    "baseline": {
      "evt_per_sec": 52660.631849136844,
      "elapsed": 1.898951768875122
    },
    "1_workers": {
      "evt_per_sec": 18728.575497681177,
      "elapsed": 5.339434385299683,
      "speedup": 0.3556466156983294,
      "startup": 0.01864004135131836,
      "shutdown": 3.04632568359375
    },
    "2_workers": {
      "evt_per_sec": 26207.713757027737,
      "elapsed": 3.8156704902648926,
      "speedup": 0.49767184397080694,
      "startup": 0.013161420822143555,
      "shutdown": 0.8746132850646973
    },
    "4_workers": {
      "evt_per_sec": 41412.259075430215,
      "elapsed": 2.4147439002990723,
      "speedup": 0.7863988262440303,
      "startup": 0.04183530807495117,
      "shutdown": 0.7361688613891602
    },
    "8_workers": {
      "evt_per_sec": 122838.76983867817,
      "elapsed": 0.814075231552124,
      "speedup": 2.332648992716019,
      "startup": 0.0011506080627441406,
      "shutdown": 0.559227705001831
    },
    "16_workers": {
      "evt_per_sec": 219781.40828066264,
      "elapsed": 0.45499753952026367,
      "speedup": 4.173542940204297,
      "startup": 0.0014481544494628906,
      "shutdown": 0.006295680999755859
    }
  }
}